{
  "name": "Sofia Botechia Hernandes",
  "photo": "https://avatars.githubusercontent.com/u/188925846?s=400&u=386cf323dbf6c453b734ba2ed7a2b1098e740fe7&v=4",
  "job": "Etagiária e Freelancer",
  "location": "São Paulo - SP",
  "phone": "(11) 94447-8200",
  "email": "sofiahernandes.dev@gmail.com",
  "hardSkills": "./data/imgs/hard-skills.png",
  "softSkills": [
      "Comunicação",
      "Resolução de problemas",
      "Trabalho em equipe",
      "Flexibilidade",
      "Organização"
  ],
  "languages": [
    "Português",
    "Inglês (fluente)",
    "Espanhol (fluente)",
    "Francês (iniciante)"
  ],
  "portfolio": [
    {
      "name": "Clone da Aplicação Notion",
      "url": "https://github.com/sofiahernandes/notion-clone",
      "github": true
    },
    {
      "name": "Ecommerce Glow Brasil",
      "url": "https://github.com/sofiahernandes/glow-brasil",
      "github": true
    },
    {
      "name": "Tech Jobz - Plataforma de Vagas",
      "url": "https://github.com/sofiahernandes/tech-jobz-app",
      "github": true
    }
  ],
  "professionalExperience": [
    {
      "name": "Estagiária Dev Frontend | FutureBrand",
      "period": "2025 - até o momento",
      "description": "É um prazer trabalhar ao lado de tantos profissionais excepcionais e construir tantas inovações de mercado."
    },
    {
      "name": "Dev Frontend e Designer | Freelancer",
      "period": "2022 - 2025",
      "description": "Desenvolvimento de sites, landing pages e páginas interativas para pequenos negócios e empreeendedores."
    }
  ]
}